<?xml version="1.0" encoding="UTF-8"?>
<Event ID="Medals Event" Active="24 Dec 2006-26 Dec 2022" xmlns:xsi="http://www.w3.org/2001/XMLSchema-instance" xsi:noNamespaceSchemaLocation="../xml/xsd/faenor.xsd">
   <Droplist> 
      <AllDrop Items="6392" Count="1,4" Chance="40%" />
   </Droplist> 
   <Droplist> 
      <AllDrop Items="6393" Count="1,2" Chance="2%" />
   </Droplist> 
   <Message Type="OnJoin" Msg="Medals Event:\nYou can collect medals from all mobs and trade them for event rewards!" /> 
   <EventEnd> 
      <Take From="AllPlayers"> 
           <Item ItemID="6392-6393"></Item>
        </Take> 
     </EventEnd> 
</Event>
